_2025,Name,Name (ENG - free translation) ,Date,Date,Journalist,URL Shomrim,Subject,1ST subject ,2nd subject,3rd subject,Story type,Impact level,Legend: impact definition,Impact description,Impact description (ENG - free translation) ,Production,Additional outlets - tier A,Additional outlets – tier A (ENG),Additional outlets - tier B,Additional outlets – tier B (ENG),Institutional response,Power reached? (Yes/No),What kind of power moved? 
1,חשיפה: הארגון האירופי שמאתר חיילים ישראליים בעולם - ומאלץ אותם לבחור בין בריחה למעצר,Exposure: The European organization that locates Israeli soldiers worldwide – forcing them to choose between escape or arrest,2025-01-02,2-Jan-2025,Milan Cerny,https://www.shomrim.news/hebrew/hind-rajab,"October 7 War
Democratic Institutions and the Rule of Law",October 7 War,Democratic Institutions and the Rule of Law,,Investigative,"1, 3","Media Amplification, Real-World Change",,"10.1 - Following the publication, the European Palestinian Network Conference taking place in Denmark on January 11th informed that Hind Rajab Foundation (HRF) that its participation at the conference was canceled after some invitees opposed sharing a panel with the HRF. The HRF noted on X that participation was cancelled ""due to information disseminated in the Israeli press, falsely linking us to resistance movements in Lebanon and Palestine."" The conference was organized by Puls48, a Palestinian-focused advocacy news site. Speakers at the conference included, amongst others, Mogens Lykketoft Former Minister of Foreign Affairs of Denmark, Francesca Albanese UN Special Rapporteur on the Occupied Palestinian Territories, and Palestinian journalists.","Audio Recording, Translation","N12
הארץ אנגלית","N12, Haaretz (English edition)",,,Yes,Yes,Executive / ministry
2,חשיפה: מגדל ובנק לאומי תרמו מאות אלפי שקלים לעמותה המתנחלת במזרח ירושלים,Exposure: Migdal and Bank Leumi donated hundreds of thousands of shekels to a settler organization in East Jerusalem,2025-01-05,5-Jan-2025,Uri Blau,https://www.shomrim.news/hebrew/east-jerusalem,"Democracy & Society 
Economy, Finance, Inequality, Poverty",Democracy & Society,"Economy, Finance, Inequality, Poverty",,Investigative,1,Media Amplification,,,,"כלכליסט
הארץ","Calcalist, Haaretz",,,No,No,
3,משרתי השר במקום משרתי ציבור: החקיקה שמאיימת לרסק את הדרג המקצועי בשירות המדינה,Minister’s servants instead of public servants: The legislation threatening to shatter the professional tier in the civil service,2025-01-06,6-Jan-2025,Chen Shalita,https://www.shomrim.news/hebrew/end-of-civil-service,Democratic Institutions and the Rule of Law,Democratic Institutions and the Rule of Law,,,Explanatory,,,,,,,,,,,No,
4,השוק השחור של התרופות המסוכנות במזרח ירושלים נחשף,The black market of dangerous drugs in East Jerusalem exposed,2025-01-10,10-Jan-2025,Haim Rivlin,https://www.shomrim.news/hebrew/the-black-market-of-dangerous-drugs,"Economy, Finance, Inequality, Poverty 
Health","Economy, Finance, Inequality, Poverty",Health,,Investigative,1,Media Amplification,,,"Audio Recording, Translation","Ynet, Ynet ENG, גלצ","Ynet, Ynet ENG, Galatz (Army Radio)",,,No,No,
5,"מכרז הענק לרובה החדש לצה""ל: את החברה הזוכה ייצג בכיר לשעבר במשרד הביטחון",The giant tender for the IDF’s new rifle: The winning company will be represented by a former senior Defense Ministry official,2025-01-13,13-Jan-2025,"Roni Singer, Daniel Dolev",https://www.shomrim.news/hebrew/ari-arms,"Democracy & Society
Democratic Institutions and the Rule of Law",Democracy & Society,Democratic Institutions and the Rule of Law,,Short-Term Investigative,3,Real-World Change,המכרז בוטל,The auction has been canceled!,,,,,,No,No,
6,חשש לאחד ממאגרי מי התהום הגדולים בישראל,Concern over one of Israel’s largest groundwater reservoirs,2025-01-16,16-Jan-2025,Haim Rivlin,https://www.shomrim.news/hebrew/water-pollution,"Environment & Transportation
Health",Environment & Transportation,Health,,Short-Term Investigative,"1, 2","Media Amplification, Stakeholder Reaction","ב-17.2 בעקבות פרסום התחקיר, התקיים דיון בועדת הפנים והגנת הסביבה של הכנסת בנושא זיהום מי התהום בנחל שקמה","Feb 17, following the publication of the investigation, the Knesset’s Interior and Environmental Protection Committee held a discussion on the contamination of groundwater in the Shikma Stream.",Translation,Ynet,Ynet,,,Yes,Yes,Legislative (Knesset)
7,חשיפה: המיליונרית המסתורית מאחורי תרומת הענק לתנועת ההתנחלות בעזה,Exposure: The mysterious millionaire behind the huge donation to the settlement movement in Gaza,2025-01-16,16-Jan-2025,Uri Blau,https://www.shomrim.news/hebrew/the-mysterious-millionaire,"Democracy & Society
Democratic Institutions and the Rule of Law
Human Rights & Democratic Values",Democracy & Society,Democratic Institutions and the Rule of Law,Human Rights & Democratic Values,Short-Term Investigative,1,Media Amplification,,,Translation,כלכליסט,Calcalist,,,No,No,
8,"""במשטר סמכותני, העמוד הראשון בספר ההנחיות הוא שליטה בשירות הביטחון""","“In an Authoritarian Regime, the First Chapter in the Playbook Is Control of the Security Services”",2025-01-21,21-Jan-2025,Chen Shalita,https://www.shomrim.news/hebrew/the-next-target-the-idf,"Democracy & Society
 Democratic Institutions and the Rule of Law
 Human Rights & Democratic Values",Democracy & Society,Democratic Institutions and the Rule of Law,Human Rights & Democratic Values,Feature,,,,,Audio Recording,,,,,No,No,
9,"פנייה לנציבות שירות המדינה: לחקור האם ראש הסגל בלשכת רה""מ אישר תשלום לעובד שישב בבית",Complaint Filed with the Civil Service Commission: Did the PM’s Chief of Staff Approve Payment to an Employee Who Stayed Home?,2025-01-28,28-Jan-2025,Haim Rivlin,https://www.shomrim.news/hebrew/lazimi-braverman,Democratic Institutions and the Rule of Law,Democratic Institutions and the Rule of Law,,,Short-Term Investigative,,,,,,,,,,,No,
10,"אסון ידוע מראש: כמות הנפט תגדל, דרישות הבטיחות בצינורות קצא""א לא טופלו","A disaster foretold: Oil volume will increase, safety requirements in the EAPC pipelines were not addressed",2025-01-29,29-Jan-2025,Daniel Dolev,https://www.shomrim.news/hebrew/ktzaa-mevaker-report,Environment & Transportation,Environment & Transportation,,,Follow up,2,Stakeholder Reaction, 28.5 - התחקיר צוטט בידי נציג החברה להגנת הטבע בדיון בועדת החוקה בכנסת (יש וידאו),"May 28, the investigation was cited by a representative of the Society for the Protection of Nature in Israel during a discussion of the Knesset’s Constitution Committee (video available).",,,,,,Yes,Yes,Legislative (Knesset)
11,"האחרונים לגלות: משרדי ממשלה נפרצו, מידע פרטי דלף, אבל לאזרחי ישראל אסור לדעת","The last to know: Government ministries hacked, private information leaked, but Israeli citizens are forbidden to know",2025-01-30,30-Jan-2025,Milan Cerny,https://www.shomrim.news/hebrew/gag-orders-inflation,"Democracy & Society
Democratic Institutions and the Rule of Law",Democracy & Society,Democratic Institutions and the Rule of Law,,Short-Term Investigative,,,,,"Audio Recording, Translation",,,,,No,No,
12,"עיריית לוד נגד ממשלת ישראל: ""הפקרות שלטונית, אפליה ומציאות חיים בלתי נסבלת""","Lod Municipality versus the Israeli government: “Governmental negligence, discrimination, and an unbearable reality”",2025-02-04,4-Feb-2025,Daniel Dolev,https://www.shomrim.news/hebrew/lod-follow,"Economy, Finance, Inequality, Poverty
Marginalized Communities
Democracy & Society","Economy, Finance, Inequality, Poverty",Marginalized Communities,Democracy & Society,Follow up,2,Stakeholder Reaction,התחקיר של שומרים מופיע בנספחים של העתירה של עיריית לוד נגד משטרת ישראל,The Shomrim investigation appears in the appendices of the Lod Municipality’s petition against the Israel Police.,Translation,,,,,Yes,Yes,Judicial / legal
13,"אכיפה בררנית: כשפוליטיקאים מהשלטון מתלוננים על מפגינים, פתאום יש משטרה","Selective Enforcement: When Coalition Politicians Complain About Protesters, Suddenly the Police Show Up",2025-02-04,4-Feb-2025,Chen Shalita,https://www.shomrim.news/hebrew/selective-enforcement,"Democracy & Society
 Democratic Institutions and the Rule of Law
 Human Rights & Democratic Values",Democracy & Society,Democratic Institutions and the Rule of Law,Human Rights & Democratic Values,Feature,,,,,,,,,,,No,
14,"המושבניק שהעז: עתירה לבג""ץ עשויה לשים סוף לעסקאות המיליונים של מכירת נחלות במושבים",The moshav resident who dared: A High Court petition may end the million-shekel deals of selling agricultural plots in moshavim,2025-02-07,7-Feb-2025,Shuki Sadeh,https://www.shomrim.news/hebrew/the-moshavnik-who-dares,"Democracy & Society
Economy, Finance, Inequality, Poverty",Democracy & Society,"Economy, Finance, Inequality, Poverty",,Investigative,1,Media Amplification,,,,המרקר,TheMarker,,,No,No,
15,"חשיפה: משרד הביטחון ביטל את מכרז הענק לרכישת רובי סער חדשים לצה""ל",Exposure: The Ministry of Defense canceled the giant tender to purchase new assault rifles for the IDF,2025-02-10,10-Feb-2025,"Roni Singer, Daniel Dolev",https://www.shomrim.news/hebrew/ari-arms-cancelled,Democratic Institutions and the Rule of Law,Democratic Institutions and the Rule of Law,,,Follow up,"3, 1","Media Amplification, Real-World Change","משרד הביטחון ביטל את זכייתה של חברת 'ארי ארמס' במכרז לאספקת עשרות אלפי רובי סער לצה""ל ובנוסף גם ביטל את המכרז כולו. 
חודש לפני כן חשף תחקיר שומרים כי ארי ארמס שכרה כיועץ למכרז את עו""ד יצחק וכטל שהיה עד לפני שנים ספורות סגן היועץ המשפטי של אגף הרכש והמכרזים במשרד הביטחון. לאחר פרסום המכרז המקורי, שהיה מכרז ""סגור"", פנה וכטל בשם החברה למשרד וביקש שהמכרז יפורסם מחדש כ""פתוח"" על מנת שהחברה תוכל להתמודד בו. המשרד נענה לבקשתו.","The Ministry of Defense canceled the award granted to the company 'ARI ARMS' in the tender for supplying tens of thousands of assault rifles to the IDF, and additionally canceled the entire tender. A month earlier, a Shomrim investigation revealed that ARI ARMS had hired attorney Itzhak Vakhtel as a consultant for the tender; until just a few years ago, Vakhtel had served as deputy legal advisor of the Procurement and Tenders Division at the Ministry of Defense. After the publication of the original tender — which was a ‘closed’ tender — Vakhtel, on behalf of the company, asked the ministry to reissue the tender as an ‘open’ one so that the company could compete. The ministry accepted his request.",,כלכליסט,Calcalist,,,Yes,Yes,Executive / ministry
16,"משטרה תחת אזהרה: השחיתות הציבורית לא נעלמה, החקירות דווקא כן",Police Under Warning: Public Corruption Hasn’t Disappeared — Only the Investigations Have,2025-02-10,10-Feb-2025,Roni Singer,https://www.shomrim.news/hebrew/police-under-warning,Democratic Institutions and the Rule of Law,Democratic Institutions and the Rule of Law,,,Feature,,,,,Translation,,,,,No,No,
17,"מוסר כפול תוצרת אירופה: ביד אחת מטילים אמברגו נשק על ישראל, בשנייה קונים ממנה נשק מתקדם","Double standards made in Europe: One hand imposes an arms embargo on Israel, the other buys advanced weapons from it",2025-02-13,13-Feb-2025,Milan Cerny,https://www.shomrim.news/hebrew/european-double-standards,"Democracy & Society
Human Rights & Democratic Values
October 7 War",Democracy & Society,Human Rights & Democratic Values,October 7 War,Investigative,1,Media Amplification,,,Translation,N12,N12,,,No,No,
18,עסקת ענק ותרומת עתק להתנחלות בעזה: סימני השאלה סביב המהלכים הפיננסים של המולטי מיליונרית בת ה-100,A huge deal and a massive donation to a Gaza settlement: The question marks around the financial moves of a 100-year-old multimillionaire,2025-02-16,16-Feb-2025,Uri Blau,https://www.shomrim.news/hebrew/a-hundred-year-old-multi-millionaire,"Economy, Finance, Inequality, Poverty
Human Rights & Democratic Values","Economy, Finance, Inequality, Poverty",Human Rights & Democratic Values,,Follow up,1,Media Amplification,"באוגוסט נודע לשומרים כי חשבונות הבנק של לאה דנקנר הוקפאו. כנראה בידי הבנק עצמו, ולא האופטרופוס הראשי. לא ברור כיצד הקפאת החשבונות משפיע על העברת כספי התרומה","In August, Shomrim learned that Lea Dankner’s bank accounts had been frozen — apparently by the bank itself and not by the Administrator General. It is unclear how the freezing of the accounts affects the transfer of the donation funds.",Translation,כלכליסט,Calcalist,,,No,No,
19,"לא רק בלשכת נתניהו: השרים ישראל כ""ץ וגילה גמליאל העסיקו את שרוליק איינהורן כעוזר פוליטי",Not only in Netanyahu’s office: Ministers Israel Katz and Gila Gamliel employed Shrolik Einhorn as a political aide,2025-02-17,17-Feb-2025,Roni Singer,https://www.shomrim.news/hebrew/not-just-netanyahu,"Democracy & Society
Democratic Institutions and the Rule of Law",Democracy & Society,Democratic Institutions and the Rule of Law,,Investigative,1,Media Amplification,,,,כלכליסט,Calcalist,,,No,No,
20,הלובי הקטארי: ראש המטה של נתניהו ב–2016 עזר לקטאר לחמוק מסנקציות בגין תמיכה בטרור,The Qatari lobby: Netanyahu’s 2016 chief of staff helped Qatar evade sanctions for supporting terrorism,2025-02-19,19-Feb-2025,Haim Rivlin,https://www.shomrim.news/hebrew/the-qatari-connection,"Democracy & Society
Democratic Institutions and the Rule of Law",Democracy & Society,Democratic Institutions and the Rule of Law,,Investigative,1,Media Amplification,,,Audio Recording,המרקר,TheMarker,,,No,No,
21,"דוח מיוחד: אלפי שב""חים מהגדה חזרו להסתנן לישראל וכך הם מסתתרים",Special report: Thousands of Palestinians without permits from the West Bank returned to infiltrating Israel – here’s how they hide,2025-02-20,20-Feb-2025,Fadi Amun,https://www.shomrim.news/hebrew/shebahim-are-back,"Democracy & Society
Human Rights & Democratic Values",Democracy & Society,Human Rights & Democratic Values,,Short-Term Investigative,1,Media Amplification,,,Translation,הארץ אנגלית,Haaretz (English edition),,,No,No,
22,"""זה כאילו הרשויות אומרות לנו 'קיבלתם את הילד שלכם חי? סתמו ת'פה ותחזרו לעבוד""","“It’s as if the authorities are saying, ‘You got your child back alive? Shut up and get back to work’”",2025-02-20,20-Feb-2025,Chen Shalita,https://www.shomrim.news/hebrew/after-the-return,October 7 War,October 7 War,,,Feature,,,,,Translation,,,,,No,No,
23,"הפאנליסטים: כך הפכו ""הביטחוניסטים"" לזרוע טלוויזיונית שמסריה דומים להפליא לאלו של נתניהו",The panelists: How “the security experts” became a TV arm with messages strikingly similar to Netanyahu’s,2025-02-21,21-Feb-2025,Shuki Sadeh,https://www.shomrim.news/hebrew/habithonistim,"Democracy & Society
October 7 War",Democracy & Society,October 7 War,,Short-Term Investigative,1,Media Amplification,,,"Translation, Audio Recording",המרקר,TheMarker,,,No,No,
24,"הזיהום נמשך: ""אנחנו במרוץ נגד הזמן, כל יום שעובר אנחנו מזהמים את הנחל""",The pollution continues: “We are in a race against time — every day that passes we pollute the stream”,2025-02-24,24-Feb-2025,Haim Rivlin,https://www.shomrim.news/hebrew/pollution-continues,Environment & Transportation,Environment & Transportation,,,Follow up,1,Media Amplification,,,,Ynet,Ynet,,,No,No,
25,"חשיפה: מפקד גדול של מתנדבי איחוד הצלה לליכוד, במטרה ""להשפיע על מפלגת השלטון""",Exposé: A Senior United Hatzalah Volunteer Mobilized Support for Likud to “Influence the Ruling Party”,2025-02-24,24-Feb-2025,Shuki Sadeh,https://www.shomrim.news/hebrew/hatzalahe-likud,"Democracy & Society
 Democratic Institutions and the Rule of Law",Democracy & Society,Democratic Institutions and the Rule of Law,,Short-Term Investigative,,,,,,,,,,,No,
26,"אז מה הוא עושה במיאמי? גילויים חדשים על החיים של יאיר נתניהו בארה""ב",So what is he doing in Miami? New revelations about the life of Yair Netanyahu in the U.S.,2025-02-27,27-Feb-2025,Uri Blau,https://www.shomrim.news/hebrew/yair-netanyahu,Democracy & Society,Democracy & Society,,,Investigative,1,Media Amplification,,,,Ynet,Ynet,,,No,No,
27,"לא לומדים: צה""ל חידד נהלים, אך העלאת סרטוני חיילים ברשתות החברתיות נמשכת גם מהלחימה בגדה","Not learning: The IDF clarified procedures, but soldiers’ videos continue to be uploaded to social media even from combat in the West Bank",2025-02-27,27-Feb-2025,Milan Cerny,https://www.shomrim.news/hebrew/videos-soldiers-west-bank,"October 7 War
Human Rights & Democratic Values",October 7 War,Human Rights & Democratic Values,,Follow up,1,Media Amplification,,,,N12,N12,,,No,No,
28,"מקובלת, מושרשת ולא מדוברת: במוסדות החינוך החרדיים אין כמעט ילד שלא יודע מהי אלימות של מורים","Accepted, ingrained, and unspoken: In Haredi educational institutions, almost no child doesn’t know what teacher violence is",2025-02-28,28-Feb-2025,Lir Spiriton,https://www.shomrim.news/hebrew/teacher-violence,"Democracy & Society
Marginalized Communities",Democracy & Society,Marginalized Communities,,Investigative,1,Media Amplification,,,"Audio Recording, Translation",מאקו,Mako,,,No,No,
29,מעקב שומרים: אחת החברות הגדולות בישראל לפינוי פסולת הורשעה בזיהום שטחים חקלאיים,Shomrim Investigation: One of Israel’s Largest Waste-Removal Companies Was Convicted of Polluting Agricultural Land,2025-03-02,2-Mar-2025,Daniel Dolev,https://www.shomrim.news/hebrew/caradi-follow,Environment & Transportation,Environment & Transportation,,,Follow up,,,,,,,,,,,No,
30,טראמפ ומאסק מחסלים את גוף הסיוע האמריקאי הגדול בעולם: ישראלים רבים ישלמו ביוקר,Trump and Musk are dismantling the world’s largest American aid organization — many Israelis will pay the price,2025-03-05,5-Mar-2025,Milan Cerny,https://www.shomrim.news/hebrew/usaid-and-israel,Democracy & Society,Democracy & Society,,,Investigative,1,Media Amplification,16.3 - מילאן התראיין לכאן רקע על התחקיר (דקה 19:35),"Mar 16, Milan was interviewed on KAN Rekka about the investigation (minute 19:35)",Audio Recording,רדיו רקע (כאן),Reka Radio (KAN),,,No,No,
31,"יאח""ה בודקת אם לפתוח בחקירה נגד NSO ופקידים במשרד הביטחון בשל עסקה למכירת רוגלות באפריקה",Lahav 433 examines whether to open an investigation into NSO and Defense Ministry officials over a spyware sale in Africa,2025-03-06,6-Mar-2025,Haim Rivlin,https://www.shomrim.news/hebrew/nso-africa,"Economy, Finance, Inequality, Poverty
Democratic Institutions and the Rule of Law","Economy, Finance, Inequality, Poverty",Democratic Institutions and the Rule of Law,,Short-Term Investigative,1,Media Amplification,,,,כלכליסט,Calcalist,,,No,No,
32,כמה אנשים מתים מאופיואידים בישראל? אף אחד לא באמת יודע,How many people in Israel die from opioids? No one really knows,2025-03-10,10-Mar-2025,"Daniel Dolev, Haim Rivlin",https://www.shomrim.news/hebrew/death-from-opioids,Health,Health,,,Follow up,,,,,,,,,,,No,
33,13 ח״כים במכתב חריג לפרקליט המדינה: ערער בדחיפות על שחרורו מהכלא של עבריין המין הפסיכולוג לשעבר יובל כרמי,13 MKs in an unusual letter to the State Attorney: Urgently appeal the release of the former psychologist and sex offender Yuval Carmi,2025-03-11,11-Mar-2025,Haim Rivlin,https://www.shomrim.news/hebrew/carmi-case-follow,Marginalized Communities,Marginalized Communities,,,Follow up,,,,,,,,,,,No,
34,"רווק בן 30, לא אצלנו ביישוב: בן מושב דתי טוען שנדחה בוועדת הקבלה בשל חשד שהוא הומוסקסואל","A 30-year-old bachelor, not in our community: A religious moshav resident claims he was rejected by the acceptance committee due to suspicion of being homosexual",2025-03-12,12-Mar-2025,Shuki Sadeh,https://www.shomrim.news/hebrew/keshet-golan,"Economy, Finance, Inequality, Poverty","Economy, Finance, Inequality, Poverty",,,Follow up,,,,,,,,,,,No,
35,"""כששואלים אותי אם זה פייר שאנחנו מנצלים את המצב הרגיש הזה להדתה, אני אומרת, שתפקידנו לאפשר לזה לקרות""","“When they ask me if it’s fair that we exploit this sensitive situation for religious indoctrination, I say our role is to allow it to happen”",2025-03-13,13-Mar-2025,Chen Shalita,https://www.shomrim.news/hebrew/faith-or-stress,October 7 War,October 7 War,,,Feature,,,,,,,,,,,No,
36,מסלול הבגידה: מנגנון גיוס המרגלים של איראן והצעירים הישראלים שעל הכוונת,The path of betrayal: Iran’s spy recruitment mechanism and the young Israelis in its crosshairs,2025-03-19,19-Mar-2025,Milan Cerny,https://www.shomrim.news/hebrew/iran-spies-in-israel,Democracy & Society,Democracy & Society,,,Investigative,,,,,,,,,,,No,
37,"חשיפה: כך חדר הכסף הקטארי לתוכניות לימוד על ישראל בבתי ספר יסודיים בארה""ב",Exposure: How Qatari money penetrated school curricula about Israel in U.S. elementary schools,2025-03-20,20-Mar-2025,Haim Rivlin,https://www.shomrim.news/hebrew/qatari-money-usa,Democracy & Society,Democracy & Society,,,Investigative,1,Media Amplification,,,"Translation, Audio Recording",Ynet,Ynet,ערוץ 10,Channel 10,No,No,
38,חשיפה: החוזה של הלוביסט האמריקאי חייב אותו להעביר את העסקת פלדשטיין לאישור קטאר,Exposure: The American lobbyist’s contract required him to transfer the Feldstein deal for Qatar’s approval,2025-03-24,24-Mar-2025,Uri Blau,https://www.shomrim.news/hebrew/footlilk-feldsrein,"Democracy & Society
Democratic Institutions and the Rule of Law",Democracy & Society,Democratic Institutions and the Rule of Law,,Investigative,1,Media Amplification,,,Translation,"Ynet, ידיעות אחרונות, הארץ","Ynet, Yedioth Ahronoth, Haaretz",,,No,No,
39,"האיום אחרי 5 חודשי מילואים בעזה: קנס של 5,000 שקל אם לא תגיע לעוד סבב שירות","The threat after five months of reserve duty in Gaza: A 5,000-shekel fine if you do not report for another round of service",2025-03-26,26-Mar-2025,Uri Blau,https://www.shomrim.news/hebrew/miluim-threats,"Democracy & Society
October 7 War",Democracy & Society,October 7 War,,Short-Term Investigative,1,Media Amplification,,,,כלכליסט,Calcalist,מתחת לראדר,Under the Radar,No,No,
40,מסמך בלעדי: שומרים חושף את הפרוטוקולים של המשטרה לאישור מסיבת הנובה,Exclusive document: Shomrim reveals the police protocols for approving the Nova party,2025-03-27,27-Mar-2025,Roni Singer,https://www.shomrim.news/hebrew/nova-police-protocols,October 7 War,October 7 War,,,Explanatory,1,Media Amplification,,,,"Ynet, גלצ","Ynet, Galatz (Army Radio)",,,No,No,
41,"המאבק בחיילי צה""ל מחריף: יותר מ-350 ג'יגה של סרטונים עלו לרשת ונשלחו להאג",The struggle against IDF soldiers intensifies: More than 350 gigabytes of videos uploaded online and sent to The Hague,2025-03-29,29-Mar-2025,Milan Cerny,https://www.shomrim.news/hebrew/anti-israeli-databases,October 7 War,October 7 War,,,Investigative,1,Media Amplification,,,Translation,"N12, מאקו, The Times of Israel","N12, Mako, The Times of Israel",,,No,No,
42,"המאבק בשומרי הסף: ""מי שמאמין שהממשלה תבלום ברגע אחרון חי בסרט""",The struggle against the gatekeepers: “Anyone who believes the government will stop at the last moment is delusional”,2025-03-31,31-Mar-2025,Chen Shalita,https://www.shomrim.news/hebrew/shabak-conflict,"Democratic Institutions and the Rule of Law
Democracy & Society",Democratic Institutions and the Rule of Law,Democracy & Society,,Explanatory,,,,,,,,,,,No,
43,דליפת ענק: עוד פרטים רגישים של אלפי ישראלים דלפו מהמשרד לביטחון לאומי,Massive Data Leak: More Sensitive Information on Thousands of Israelis Was Exposed from the National Security Ministry,2025-04-02,2-Apr-2025,Milan Cerny,https://www.shomrim.news/hebrew/huge-leak,Democratic Institutions and the Rule of Law,Democratic Institutions and the Rule of Law,,,Short-Term Investigative,1,Media Amplification,,,,,,,,,No,
44,שיטת הפרוקסי: כך השתתף הציבור במימון קמפיינים והפגנות של ארגוני ימין,The proxy method: How the public funded campaigns and demonstrations of right-wing organizations,2025-04-04,4-Apr-2025,Shuki Sadeh,https://www.shomrim.news/hebrew/the-proxy-method,"Democratic Institutions and the Rule of Law
Democracy & Society",Democratic Institutions and the Rule of Law,Democracy & Society,,Investigative,1,Media Amplification,,,,המרקר,TheMarker,,,No,No,
45,"ילדים בלי כיסוי: ""בריאות ילדים זה לא קלף במדיניות הגירה""",Children without coverage: “Children’s health should not be a card in immigration policy”,2025-04-07,7-Apr-2025,Daniel Dolev,https://www.shomrim.news/hebrew/children-without-cover,"Human Rights & Democratic Values
Democracy & Society",Human Rights & Democratic Values,Democracy & Society,,Short-Term Investigative,1,Media Amplification,,,,מאקו,Mako,,,No,No,
46,לא רק כולרה: חומרים מסרטנים נמצאו באחד משני מאגרי המים האסטרטגיים של ישראל,Not only cholera: Carcinogenic substances found in one of Israel’s two strategic water reservoirs,2025-04-08,8-Apr-2025,Haim Rivlin,https://www.shomrim.news/hebrew/strategic-water-reservoir-in-danger,Health ,Health,,,Short-Term Investigative,"1, 2","Media Amplification, Stakeholder Reaction",8.2 ועדת הפנים קיימה דיון על הסכנות הבריאותיות בעקבות זיהום מי התהום בנחל שקמה - בעקבות פרסום התחקיר,"Feb 8, the Interior Committee held a discussion on the health risks resulting from the contamination of groundwater in the Shikma Stream — following the publication of the investigation",,Ynet,Ynet,,,Yes,Yes,Legislative (Knesset)
47,האונס שנשאר: כך מושתקות תלונות על תקיפות מיניות בציבור החרדי,The rape that remains: How sexual assault complaints are silenced in the Haredi community,2025-04-10,10-Apr-2025,Lir Spiriton,https://www.shomrim.news/hebrew/silenced-sexual-assaults,Marginalized Communities,Marginalized Communities,,,Short-Term Investigative,1,Media Amplification,,,Translation,מאקו,Mako,,,No,No,
48,"מצוקת כוח האדם בצה""ל: הצבא האריך את השירות של רבע מהחיילות בשמונה חודשים נוספים",IDF manpower crisis: The army extended the service of a quarter of female soldiers by eight additional months,2025-04-10,10-Apr-2025,Chen Shalita,https://www.shomrim.news/hebrew/female-soldiers-serve-longer,Democracy & Society,Democracy & Society,,,Feature,1,Media Amplification,,,,כלכליסט,Calcalist,,,No,No,
49,"החבר של פוטין: יוצאי בלארוס בישראל נרדפים על ידי הקג""ב של לוקשנקו",Putin’s friend: Belarusian expats in Israel persecuted by Lukashenko’s KGB,2025-04-21,21-Apr-2025,Milan Cerny,https://www.shomrim.news/hebrew/belarus-kgb,"Marginalized Communities
Democracy & Society",Marginalized Communities,Democracy & Society,,Short-Term Investigative,,,,,,,,,,,No,
50,קטאר לא עוצרת: מגייסת לוביסט חדש שמקורב לממשל טראמפ,Qatar does not stop: Recruiting a new lobbyist close to the Trump administration,2025-04-22,22-Apr-2025,Uri Blau,https://www.shomrim.news/hebrew/qatar-kerik,"October 7 War
Democratic Institutions and the Rule of Law",October 7 War,Democratic Institutions and the Rule of Law,,Short-Term Investigative,1,Media Amplification,,,"Translation, Audio Recording",כלכליסט,Calcalist,,,No,No,
51,הדרך לסיפוח: עמוק מתחת לרדאר סוללת ישראל מאות קילומטרים של כבישים חדשים ביהודה ושומרון,"The road to annexation: Deep under the radar, Israel is paving hundreds of kilometers of new roads in the West Bank",2025-04-24,24-Apr-2025,Daniel Dolev,https://www.shomrim.news/hebrew/roads-in-the-west-bank,"Democratic Institutions and the Rule of Law
Marginalized Communities
Human Rights & Democratic Values",Democratic Institutions and the Rule of Law,Marginalized Communities,Human Rights & Democratic Values,Short-Term Investigative,,,,,Translation,,,,,No,No,
52,הזוכה במכרז משרד הביטחון למצעד החיים: אחת הנאשמות בפרשת קרטל המסעות לפולין,The winner of the Defense Ministry tender for the March of the Living: One of the defendants in the Poland travel-cartel case,2025-04-24,24-Apr-2025,Shuki Sadeh,https://www.shomrim.news/hebrew/march-of-the-living-bid,"Economy, Finance, Inequality, Poverty","Economy, Finance, Inequality, Poverty",,,Investigative,1,Media Amplification,,,,כלכליסט,Calcalist,,,No,No,
53,מה הוא רוצה? האג'נדה מאחורי הפרובוקציות של בצלאל סמוטריץ',What does he want? The agenda behind Bezalel Smotrich’s provocations,2025-04-29,29-Apr-2025,Chen Shalita,https://www.shomrim.news/hebrew/what-does-smotrich-want,Human Rights & Democratic Values,Human Rights & Democratic Values,,,Feature,,,,,Audio Recording,,,,,No,No,
54,"הקורבנות השקופים של המלחמה: עלייה במספר החיילים המתאבדים, רובם מילואימניקים",The invisible victims of the war: A rise in suicidal soldiers — most of them reservists,2025-05-02,2-May-2025,Yael Shani,https://www.shomrim.news/hebrew/soldier-suicide,"October 7 War
Health
Welfare",October 7 War,Health,Welfare,Feature,1,Media Amplification,התפרסם במוסף 7 ימים,"It was published in 7 Days, the weekly magazine","Audio Recording, Translation, Photography",ידיעות אחרונות,Yedioth Ahronoth,,,No,No,
55,"שטח הפקר: צה""ל הציף את יו""ש בכלי נשק, אבל לא בודק מה קורה איתם אחר כך",No man’s land: The IDF flooded the West Bank with weapons but doesn’t check what happens to them afterward,2025-05-05,5-May-2025,Daniel Dolev,https://www.shomrim.news/hebrew/chaos-settlers-weapon-follow,"Human Rights & Democratic Values
Marginalized Communities
Democratic Institutions and the Rule of Law",Human Rights & Democratic Values,Marginalized Communities,Democratic Institutions and the Rule of Law,Follow up,,,,,,,,,,,No,
56,לא רק הממשלה מושכת זמן: תחקיר המשטרה על טבח ה-7 באוקטובר - רק בסוף 2026,Not only the government is stalling: The police investigation into the October 7 massacre — only at the end of 2026,2025-05-07,7-May-2025,Uri Blau,https://www.shomrim.news/hebrew/police-october7,October 7 War,October 7 War,,,Short-Term Investigative,,,,,,,,,,,No,
57,"בין נפוטיזם למקורביזם: קרבות הנדל""ן וחלוקת הנחלות במושבים",Between nepotism and cronyism: The real-estate battles and land-plot distribution in the moshavim,2025-05-08,8-May-2025,Shuki Sadeh,https://www.shomrim.news/hebrew/battles-of-the-estates,"Economy, Finance, Inequality, Poverty","Economy, Finance, Inequality, Poverty",,,Investigative,"1, 2","Media Amplification, Stakeholder Reaction",13.7 רשם האגודות השיתופיות הודיע שיפתח בחקירה של הנושא,"Jul 13, the Registrar of Cooperative Societies announced that he would open an investigation into the matter.",Photography,מאקו,Mako,,,No,No,
58,המנגנון שמוקם בחשאי למימון ותפעול התוכנית ההומניטרית בעזה,The mechanism being secretly established to finance and operate the humanitarian program in Gaza,2025-05-11,11-May-2025,Uri Blau,https://www.shomrim.news/hebrew/gaza-humanitarian,October 7 War,October 7 War,,,Investigative,1,Media Amplification,"24.5 - תחקיר של הניו יורק טיימס, מצטט מהממצאים של שומרים (בלי קרדיט), שמראה כיצד אותם אנשים פועלים מאחורי הארגונים השונים שאמורים לספק סיוע הומניטרי לעזה - https://www.nytimes.com/2025/05/24/world/middleeast/israel-gaza-aid-plan.html?smid=nytcore-android-share","May 24, a New York Times investigation quoted Shomrim’s findings (without credit), showing how the same individuals operate behind the various organizations that are supposed to provide humanitarian aid to Gaza - https://www.nytimes.com/2025/05/24/world/middleeast/israel-gaza-aid-plan.html?smid=nytcore-android-share",Translation,כלכליסט,Calcalist,,,No,No,
59,"חשיפה: חברת התוכנה שנפרצה בוושינגטון, עבדה גם עם משרדי הממשלה בארץ",Exposé: The Software Company Hacked in Washington Also Worked with Israeli Government Ministries,2025-05-11,11-May-2025,Milan Cerny,https://www.shomrim.news/hebrew/telemessage-hacked,Democracy & Society,Democracy & Society,,,Short-Term Investigative,1,Media Amplification,,,,כלכליסט,Calcalist,,,No,No,
60,"כמעט שנה לאסון מג'דל שמס, משפחות הפצועים טוענות שנשכחו מאחור; ""הילדים זקוקים לעזרה, ואנחנו אלה שמשלמים""","Nearly a year since the Majdal Shams disaster, wounded families say they were forgotten: “The children need help — we are paying the price”",2025-05-15,15-May-2025,Fadi Amun,https://www.shomrim.news/hebrew/majdal-shams-disaster,October 7 War,October 7 War,,,Investigative,1,Media Amplification,,,"Translation, Photography",Ynet,Ynet,,,No,No,
61,"שוויון חברתי? לא לערבים, להט""ב וניצולי שואה; ""כמעט הכל נדחה, מקוצץ או שסתם מסבנים אותך""","Social equality? Not for Arabs, LGBTQ people, and Holocaust survivors; “Almost everything is rejected, cut, or simply brushed off”",2025-05-21,21-May-2025,Haim Rivlin,https://www.shomrim.news/hebrew/may-golan-report,"Democratic Institutions and the Rule of Law
Human Rights & Democratic Values
Marginalized Communities",Democratic Institutions and the Rule of Law,Human Rights & Democratic Values,Marginalized Communities,Short-Term Investigative,,,,,,,,,,,No,
62,"מאחורי הדוכנים והתדמית של יהדות מחברת: הציר הפוליטי החדש בין חב""ד לבן גביר נחשף",Behind the stalls and the image of connecting Judaism: The new political axis between Chabad and Ben Gvir revealed,2025-05-22,22-May-2025,Lir Spiriton,https://www.shomrim.news/hebrew/chabad-bengvir,"Human Rights & Democratic Values, Democracy & Society","Human Rights & Democratic Values, Democracy & Society",,,Investigative,1,Media Amplification,,,"Translation, Audio Recording","מאקו, הארץ אנגלית","Mako, Haaretz (English edition)",,,No,No,
63,חשיפה: כספי הטרור ממשיכים לזרום אל ארנקי הקריפטו של חמאס,Exposure: Terror funds continue to flow into Hamas’s crypto wallets,2025-05-22,22-May-2025,Uri Blau,https://www.shomrim.news/hebrew/hamas-crypto-continues,"October 7 War
Economy, Finance, Inequality, Poverty",October 7 War,"Economy, Finance, Inequality, Poverty",,Investigative,1,Media Amplification,,,Translation,"N12, מאקו","N12, Mako",,,No,No,
64,חשיפה: חברת האבטחה האמריקאית שאמורה לפעול בעזה מגייסת אנשי מודיעין,Exposure: The American security company meant to operate in Gaza is recruiting intelligence personnel,2025-05-25,25-May-2025,"Uri Blau, Milan Cerny",https://www.shomrim.news/hebrew/gaza-aid-security,"October 7 War
Human Rights & Democratic Values",October 7 War,Human Rights & Democratic Values,,Investigative,1,Media Amplification,,,Translation,Ynet,Ynet,Le Monde,Le Monde,No,No,
65,חשיפה: העמותה השוויצרית לחלוקת מזון בעזה נסגרת,Exposure: The Swiss food-distribution charity in Gaza is closing,2025-05-25,25-May-2025,"Uri Blau, Milan Cerny",https://www.shomrim.news/hebrew/ghf-switzerland,"October 7 War
Human Rights & Democratic Values",October 7 War,Human Rights & Democratic Values,,Investigative,1,Media Amplification,,,Translation,Ynet,Ynet,,,No,No,
66,"הכפר הבדואי שננטש: ""אנשי המאחז הלכו בין הבתים, קיללו והפחידו את הילדים. אנחנו לא יכולים לעמוד בזה""","The Abandoned Bedouin Village: “The Outpost Settlers Walked Between the Houses, Cursed, and Terrified the Children. We Can’t Endure This”",2025-05-25,25-May-2025,Daniel Dolev,https://www.shomrim.news/hebrew/mughayer-al-deir,"Marginalized Communities
Human Rights & Democratic Values",Marginalized Communities,Human Rights & Democratic Values,,Follow up,,,,,,,,,,,No,
67,כ-360 מיליון שקל לשלושה חודשים רק לאבטחת מבצע הסיוע בעזה – והשאלה שנותרה פתוחה: מי משלם?,About 360 million shekels for three months just to secure the aid operation in Gaza — and the unanswered question: Who pays?,2025-05-29,29-May-2025,"Uri Blau, Milan Cerny",https://www.shomrim.news/hebrew/srs-gaza-aid,"October 7 War
Human Rights & Democratic Values",October 7 War,Human Rights & Democratic Values,,Investigative,,,,,,,,,,,No,
68,"מילואים כסידור עבודה: 4 שעות ביממה, 9,600 בחודש, ואפשר גם ""שבוע-שבוע""","Reserve duty as a work arrangement: Four hours a day, 9,600 shekels a month, and you can do “week-on week-off”",2025-05-29,29-May-2025,Shuki Sadeh,https://www.shomrim.news/hebrew/idf-employment-market,October 7 War,October 7 War,,,Investigative,1,Media Amplification,,,Audio Recording,מאקו,Mako,,,No,No,
69,"הסיוע לעזה: מפעל אריזה בחברון, כסף מהאמירויות, לוגיסטיקה ישראלית וגם האו""ם עדיין ברצועה","Aid to Gaza: A packaging plant in Hebron, money from the Emirates, Israeli logistics — and the UN is still in the Strip",2025-06-04,4-Jun-2025,Shuki Sadeh,https://www.shomrim.news/hebrew/gaza-aid-chaos,October 7 War,October 7 War,,,Short-Term Investigative,1,Media Amplification,,,,בוקרא,Bokra,,,No,No,
70,עד הכדור האחרון: עלייה חדה בשימוש במשככי כאבים ממכרים בקרב פצועי המלחמה,Until the last bullet: A sharp rise in the use of addictive painkillers among war-wounded,2025-06-06,6-Jun-2025,Daniel Dolev,https://www.shomrim.news/hebrew/soldiers-and-opioids,"Health
October 7 War",Health,October 7 War,,Investigative,1,Media Amplification,,,"FoI, Translation, Audio Recording","ידיעות אחרונות, גלצ","Yedioth Ahronoth, Galatz (Army Radio)",מתחת לראדר,Under the Radar,No,No,
71,"רק אחרי שלוש תלונות על הטרדה מינית, ב""איחוד הצלה"" הראו את הדרך החוצה לעובד הבכיר",Only after three complaints of sexual harassment did United Hatzalah show the senior employee the door,2025-06-10,10-Jun-2025,Shuki Sadeh,https://www.shomrim.news/hebrew/hatzalah-sexual-harassment,Marginalized Communities,Marginalized Communities,,,Follow up,1,Media Amplification,,,,,,חרדים 10,Haredim 10,No,No,
72,"אין לאן לברוח: הלהט""בים הפלסטינים נלחמים על חייהם, ובישראל סוגרים את הדלת",Nowhere to run: Palestinian LGBTQ+ individuals fight for their lives — and Israel closes the door,2025-06-11,11-Jun-2025,Fadi Amun,https://www.shomrim.news/hebrew/palestinians-lgbtq,"Human Rights & Democratic Values
Marginalized Communities",Human Rights & Democratic Values,Marginalized Communities,,Investigative,1,Media Amplification,,,Translation,מאקו,Mako,,,No,No,
73,"""לפני הבחירות האחרונות אמר איזה פוליטיקאי ערבי, שאין הבדל בין גנץ לבן גביר. היום אף אחד לא יגיד שטויות כאלה""","“Before the last elections, some Arab politician said there’s no difference between Gantz and Ben Gvir. Today no one would say such nonsense”",2025-06-12,12-Jun-2025,Chen Shalita,https://www.shomrim.news/hebrew/the-israeli-arab-vote,"Democracy & Society
Marginalized Communities",Democracy & Society,Marginalized Communities,,Feature,,,,,Translation,,,,,No,No,
74,"""אני מפחד ממה שזה עושה לקהילה"": איך מנתקים את הקשר בין סמים ללהט""ב?",“I’m afraid of what it does to the community”: How to break the link between drugs and the LGBTQ+ community,2025-06-12,12-Jun-2025,Daniel Dolev,https://www.shomrim.news/hebrew/lgbt-and-drugs,"Democracy & Society
Health",Democracy & Society,Health,,Feature,,,,,,,,,,,No,
75,"מחדל המיגון בערים: אלפי בניינים נוספים אמורים היו להיות ממוגנים כיום עם ממ""דים",The fortification failure in cities: Thousands more buildings should have been reinforced with shelters by now,2025-06-15,15-Jun-2025,Shuki Sadeh,https://www.shomrim.news/hebrew/protection-failure,"Democracy & Society
Economy, Finance, Inequality, Poverty
October 7 War",Democracy & Society,"Economy, Finance, Inequality, Poverty",October 7 War,Explanatory,,,,,,,,,,,No,
76,במיניבוס קבור מתחת לאדמה או בצינורות ביוב: עשרות אלפים ללא מיגון,In a minibus buried underground or in sewage pipes: Tens of thousands without protection,2025-06-15,15-Jun-2025,Fadi Amun,https://www.shomrim.news/hebrew/bedouins-without-protection,"Democracy & Society
Marginalized Communities
October 7 War",Democracy & Society,Marginalized Communities,October 7 War,Explanatory,,,,,Translation,,,,,No,No,
77,תופעה איומה בזמן האזעקות: דיירים לא מאפשרים לעוברי אורח להיכנס למרחב המוגן,A terrible phenomenon during rocket sirens: Residents refuse to let passersby into protected spaces,2025-06-17,17-Jun-2025,Chen Shalita,https://www.shomrim.news/hebrew/no-entry-to-the-shelter,"Democracy & Society
October 7 War",Democracy & Society,October 7 War,,Feature,,,,,,,,,,,No,
78,"תעריפי מילוט והגעה לישראל: 6,000 שקל בסירה, 4,000 דולר במטוס פרטי","Escape and arrival rates to Israel: 6,000 shekels by boat, 4,000 dollars by private plane",2025-06-17,17-Jun-2025,Milan Cerny,https://www.shomrim.news/hebrew/escape-rates-from-israel,"Democracy & Society
October 7 War",Democracy & Society,October 7 War,,Short-Term Investigative,,,,,,,,,,,No,
79,"החומרים תקועים בחו""ל – ופרויקטים של מיליונים לתרופות מצילות חיים בסכנה",Materials stuck abroad — and million-shekel projects for life-saving drugs are at risk,2025-06-17,17-Jun-2025,Haim Rivlin,https://www.shomrim.news/hebrew/biotech-war,"Democracy & Society
Economy, Finance, Inequality, Poverty",Democracy & Society,"Economy, Finance, Inequality, Poverty",,Explanatory,2,Stakeholder Reaction,"8.6 לאחר פרסום התחקיר, פנו לחברות מלשכת ח""כ מרב כהן בניסיון לפתור את המצוקה"," .June 8 - Following the publication of the investigation, companies were contacted by MK Merav Cohen’s office in an attempt to resolve the crisis",Translation,גלצ,Galatz (Army Radio),,,No,No,
80,אל תשליכני: הקשישים שלא מצליחים להגיע אפילו למקלט,Do not cast me away: Elderly Israelis who cannot even reach a shelter,2025-06-18,18-Jun-2025,Lir Spiriton,https://www.shomrim.news/hebrew/elderly-shelters,"Democracy & Society
October 7 War
Marginalized Communities",Democracy & Society,October 7 War,Marginalized Communities,Explanatory,,,,,Translation,,,,,No,No,
81,"השכנים השתלטו על המקלט – ואין מה לעשות: ""עזוב אותי, זה הבית שלי""","The neighbors took over the shelter — and there’s nothing to be done: “Leave me alone, this is my home”",2025-06-19,19-Jun-2025,Shuki Sadeh,https://www.shomrim.news/hebrew/bullying-in-shelters,"Marginalized Communities
October 7 War",Marginalized Communities,October 7 War,,Explanatory,1,Media Amplification,פולו: שוקי התראיין ליעל דן בגלצ,Follow-up: Shuki was interviewed by Yael Dan on Galatz,,גלצ,Galatz (Army Radio),,,No,No,
82,מצב חירום? דהירת חוקי ההפיכה המשטרית נמשכת בכסות המלחמה עם איראן,State of emergency? The gallop of the judicial-overhaul laws continues under the cover of the war with Iran,2025-06-22,22-Jun-2025,Chen Shalita,https://www.shomrim.news/hebrew/as-if-there-is-no-war,"Democracy & Society
Democratic Institutions and the Rule of Law
October 7 War",Democracy & Society,Democratic Institutions and the Rule of Law,October 7 War,Explanatory,,,,,Audio Recording,,,,,No,No,
83,בניגוד להנחיות פיקוד העורף: בתי ספר במגזר החרדי פועלים כרגיל,Contrary to Home Front Command guidelines: Haredi schools operate as usual,2025-06-23,23-Jun-2025,Lir Spiriton,https://www.shomrim.news/hebrew/bnei-brak-iran-war,"Democracy & Society
October 7 War",Democracy & Society,October 7 War,,Short-Term Investigative,,,,,,,,,,,No,
84,"הפסקת אש? עבור תושבי המרכז שביתם נפגע, מלחמת ישראל-איראן רחוקה מסיום","Ceasefire? For residents of the center whose homes were damaged, the Israel–Iran war is far from over",2025-06-25,25-Jun-2025,Shuki Sadeh,https://www.shomrim.news/hebrew/war-is-far-from-over,"Democracy & Society
October 7 War",Democracy & Society,October 7 War,,Explanatory,1,Media Amplification,,,Audio Recording,מאקו,Mako,,,No,No,
85,נמלטו ממלחמה אחת ונהרגו באחרת: המלכוד של יוצאי אוקראינה בישראל,Escaped one war and died in another: The trap facing Ukrainian emigrants in Israel,2025-06-25,25-Jun-2025,Milan Cerny,https://www.shomrim.news/hebrew/ukraine-refugees-dilemma,"Democracy & Society
Marginalized Communities
October 7 War",Democracy & Society,Marginalized Communities,October 7 War,Explanatory,,,,,,,,,,,No,
86,"""אגף המרגלים"" נחשף: כך מוחזקים בכלא הנאשמים בריגול עבור איראן",“The Spy Wing” exposed: How the Iranians-accused detainees are held in prison,2025-06-26,26-Jun-2025,Roni Singer,https://www.shomrim.news/hebrew/the-spy-sector,"Democracy & Society
October 7 War",Democracy & Society,October 7 War,,Investigative,1,Media Amplification,רוני התראיינה לרדיו רקע על הכתבה בנושא המרגלים האיראנים,Roni was interviewed on Radio Rekka about the investigation on the Iranian spies,,"N12, רדיו רקע (כאן)","N12, Reka Radio (KAN)",,,No,No,
87,מוכר משקאות נגד הנגאובר שנעצר לאחרונה: זה האיש מאחורי אבטחת הסיוע ההומניטרי בעזה,The seller of anti-hangover drinks who was recently arrested: The man behind securing humanitarian aid in Gaza,2025-07-01,1-Jul-2025,"Uri Blau, Milan Cerny",https://www.shomrim.news/hebrew/ug-solutions,October 7 War,October 7 War,,,Investigative,1,Media Amplification,,,Translation,"Ynet, Yent ENG","Ynet, Yent ENG",,,No,No,
88,"קריסת הפריפריה: מחלקות מפוצצות עם מתמחה תורן על תקן ""חצי דחליל, חצי בייביסיטר""","The collapse of the periphery: Overcrowded hospital wards with one on-call intern acting as “half scarecrow, half babysitter”",2025-07-04,4-Jul-2025,Haim Rivlin,https://www.shomrim.news/hebrew/periphery-collapse,"Health
Economy, Finance, Inequality, Poverty",Health,"Economy, Finance, Inequality, Poverty",,Investigative,"1,2","Media Amplification, Stakeholder Reaction","שבועיים לאחר פרסום התחקיר הודיעו מנהלי מחלקות בבתי חולים בפריפריה כי הם מפסיקים את המתווה באופן חד צדדי;
חיים התראיין לרדיו צפון על הכתבה
","On January 15, 2026: The Ministry of Health announced the establishment of a working team to formulate an updated framework for medical residencies on-call shifts, with the aim of creating a model that can be implemented systemically and sustainably and that addresses the shortcomings identified in the implementation of the current framework. In its announcement regarding the establishment of the team, the Ministry of Health stated that as part of reviews and lessons-learned, it found that the framework has value in easing workload pressures, but at the same time, claims were raised by some stakeholders within the system regarding harm to the quality of training and care, to continuity of treatment, and to the functioning of the departments in which the framework is applied, creating significant disparities in these areas between peripheral hospitals and those in central Israel. Accordingly, the need arose for a thorough review and an update to the working method, while maintaining the goal of reducing the workload on residents. The team is scheduled to submit its recommendations by May 1, 2026.","Translation, Audio Recording",Ynet,Ynet,"רדיו צפון, DoctorsOnly","Radio Tzafon, DoctorsOnly",Yes,Yes,Executive / ministry
89,חשיפה: ריכוזים חריגים של כימיקלים מסכני חיים נמצאו במי השתייה ברחבי הארץ,Exposure: Dangerous levels of life-threatening chemicals found in drinking water across Israel,2025-07-06,6-Jul-2025,Haim Rivlin,https://www.shomrim.news/hebrew/pfas-in-the-water,Health,Health,,,Investigative,"1, 3","Media Amplification, Real-World Change","היו לכתבה יותר מ-300K צפיות בפלטפורמות הדיגטליות של כאן
שבועיים לאחר פרסום התחקיר, המשרד להגנת הסביבה פרסם להערות הציבור, טיוטת תקנות חדשות שיגבילו  שימוש, ייצור וייבוא של חומרים מסוכנים ממשפחת PFAS. 
התקנות מהוות צעד ראשון לקראת אשרור אמנת שטוקהולם.","The investigation received more than 300K views on KAN’s digital platforms.
Two weeks after it was published, the Ministry of Environmental Protection released for public comments a draft of new regulations that will restrict the use, production, and import of hazardous PFAS chemicals.
These regulations constitute an initial step toward ratifying the Stockholm Convention.",Audio Recording,כאן 11,KAN 11,,,Yes,Yes,Executive / ministry
90,אפקט המלחמה בעזה: הארגונים הפרו-פלסטיניים שמבקרים את ישראל מגייסים מיליונים,The Gaza War Effect: Pro-Palestinian Organizations Critical of Israel Are Raising Millions,2025-07-07,7-Jul-2025,Uri Blau,https://www.shomrim.news/hebrew/donations-leap,"October 7 War
Democracy & Society",October 7 War,Democracy & Society,,Short-Term Investigative,,,,,Translation,,,,,No,No,
91,"חשיפה: אנשי העסקים ג'קי בן זקן, עופר נמרודי ומיכאל צ'רנוי העידו במשטרה במסגרת חקירה של ""בנק פרטי""","Exposure: Businessmen Jackie Ben-Zaken, Ofer Nimrodi, and Michael Cherney testified to police as part of a ‘private bank’ investigation",2025-07-10,10-Jul-2025,Roni Singer,https://www.shomrim.news/hebrew/gray-market-loans,"Economy, Finance, Inequality, Poverty","Economy, Finance, Inequality, Poverty",,,Investigative,1,Media Amplification,,,,כלכליסט,Calcalist,,,No,No,
92,תחקיר: כך נשאבים סכומי עתק משכר המורים לקופות רשתות החינוך החרדי,Investigation: Huge sums siphoned from teachers’ salaries to ultra-Orthodox education networks,2025-07-11,11-Jul-2025,Lir Spiriton,https://www.shomrim.news/hebrew/haredi-education-networks,"Economy, Finance, Inequality, Poverty
Marginalized Communities","Economy, Finance, Inequality, Poverty",Marginalized Communities,,Investigative,1,Media Amplification,,,,המרקר,TheMarker,,,No,No,
93,"המספרים נחשפים: 600 מקרי שבץ, 2,000 חולי לב ו-60 אלף עם יתר לחץ דם רק באזור המרכז","The numbers revealed: 600 strokes, 2,000 heart-disease cases, and 60,000 with hypertension — in the central district alone",2025-07-14,14-Jul-2025,Haim Rivlin,https://www.shomrim.news/hebrew/the-numbers-behind-pfas,Health,Health,,,Follow up,,,,,Audio Recording,,,,,No,No,
94,"""החתונה הייתה טעות חיי"": בחברה הערבית מודאגים מהעלייה בשיעור הגירושים",“The wedding was the mistake of my life”: Arab society concerned over rising divorce rates,2025-07-15,15-Jul-2025,Fadi Amun,https://www.shomrim.news/hebrew/divorce-increase-arab-society,Marginalized Communities,Marginalized Communities,,,Feature,,,,,,,,,,,No,
95,"אחרי שנים – צעד בדרך להגבלת השימוש ב""כימיקלי הנצח"" המסוכנים",After years — a step toward limiting the use of dangerous “forever chemicals”,2025-07-16,16-Jul-2025,Haim Rivlin,https://www.shomrim.news/hebrew/khry-shnym---ts-d-bdrk-lhgblt-hshymvsh-b-kymyqly-hntskh-hmsvknym,Health,Health,,,Follow up,,,,,,,,,,,No,
96,"ביו""ש איבדו שליטה על נוער הגבעות: ""אין להם שום אוטוריטה. לא רבנית ולא חינוכית""","In the West Bank, control over the Hilltop Youth has been lost: “They have no authority — not rabbinical and not educational”",2025-07-17,17-Jul-2025,Chen Shalita,https://www.shomrim.news/hebrew/hilltop-youth-out-of-control,"Democracy & Society
Democratic Institutions and the Rule of Law
Human Rights & Democratic Values",Democracy & Society,Democratic Institutions and the Rule of Law,Human Rights & Democratic Values,Feature,,,,,,המקום הכי חם בגהנום,The Hottest Place in Hell,,,No,No,
97,ישראל סוערת סביב משבר חוק הגיוס אבל דווקא הציבור החרדי הרחב אדיש לחלוטין,Israel is in turmoil over the draft-law crisis — but the broader Haredi public is completely indifferent,2025-07-20,20-Jul-2025,Lir Spiriton,https://www.shomrim.news/hebrew/the-general-ultra-orthodox-public-is-completely-indifferent,"Democracy & Society
Marginalized Communities
October 7 War",Democracy & Society,Marginalized Communities,October 7 War,Feature,,,,,,,,,,,No,
98,"מנהלי בתי חולים עוצרים את מתווה המתמחים חד צדדית: ""פגיעה מסכנת חיים""",Hospital directors halt the interns’ reform unilaterally: “A life-threatening harm”,2025-07-21,21-Jul-2025,Haim Rivlin,https://www.shomrim.news/hebrew/hospital-administrators-halt-intern-outline,"Health
Economy, Finance, Inequality, Poverty",Health,"Economy, Finance, Inequality, Poverty",,Follow up,,,,,,,,,,,No,
99,"התרומות לקהלת נחתכו בחצי: קיצוצים דרמטיים בשכר, במחקר ובתמיכה בארגונים אחרים","Donations to Kohelet halved: Dramatic cuts in salaries, research, and support for other organizations",2025-07-21,21-Jul-2025,Shuki Sadeh,https://www.shomrim.news/hebrew/donations-to-kohelet-were-cut-in-half,Democracy & Society,Democracy & Society,,,Follow up,,,,,Translation,,,,,No,No,
100,מלחמה? הפיכה משפטית? הנשיא הרצוג מקדם מוזיאון על שם אביו,War? Judicial coup? President Herzog promotes a museum named after his father,2025-07-25,25-Jul-2025,Uri Blau,https://www.shomrim.news/hebrew/president-herzog-promotes-museum-named-after-his-father,"Democracy & Society
Democratic Institutions and the Rule of Law",Democracy & Society,Democratic Institutions and the Rule of Law,,Investigative,1,Media Amplification,,,,המרקר,TheMarker,,,No,No,
101,הבטחות לעשרות אלפי דולרים בחודש ואוטובוס מגבול ירדן: כך מבריחים נשים למטרות זנות,Promises of tens of thousands of dollars a month and a bus from the Jordan border: How women are smuggled for prostitution,2025-07-27,27-Jul-2025,Milan Cerny,https://www.shomrim.news/hebrew/this-is-how-women-are-smuggled-for-prostitution,"Democracy & Society
Marginalized Communities",Democracy & Society,Marginalized Communities,,Short-Term Investigative,1,Media Amplification,,,"Audio Recording, Translation",N12,N12,,,No,No,
102,ישראל התחילה ללחוץ על הארגונים הבינלאומיים להכניס סיוע לרצועה עוד לפני שהתקבלה החלטת הקבינט בנושא,Israel Began Pressuring International Organizations to Bring Aid into Gaza Even Before the Cabinet Approved It,2025-07-28,28-Jul-2025,Uri Blau,https://www.shomrim.news/hebrew/humanitarian-aid,October 7 War,October 7 War,,,Short-Term Investigative,,,,,,,,,,,No,
103,"משרד החינוך יממן ועידה של ערוץ 14: 250 אלף שקל לחיזוק ""הזהות היהודית""","The Education Ministry will fund a Channel 14 conference: 250,000 shekels to “strengthen Jewish identity”",2025-07-30,30-Jul-2025,Uri Blau,https://www.shomrim.news/hebrew/the-ministry-of-education-will-finance-the-channel-14-conference,"Education
Democracy & Society",Education,Democracy & Society,,Short-Term Investigative,"2, 1","Media Amplification, Stakeholder Reaction","ב-21.8 הוגשה בקשה דחופה לצו ביניים בבגץ, בידי מכון זולת, בדרישה לעצור התקשרות של משרד החינוך עם ערוץ 14, בהיקף של כרבע מיליון שקלים, זאת, לצורך מימון מה שמכונה ""ועידת הזהות היהודית""","Aug 21, the Zulat Institute submitted an urgent request for an interim injunction to the High Court of Justice, demanding that the Ministry of Education halt its contract with Channel 14 — a deal worth roughly a quarter of a million shekels — intended to fund what is referred to as the ‘Jewish Identity Conference'",,וואלה,Walla,מתחת לראדר,Under the Radar,No,No,
104,הלוביסט החדש של קטאר בוושינגטון: שר החינוך ובכיר בממשלי רייגן ובוש האב,Qatar’s New Lobbyist in Washington: A Former U.S. Education Secretary and Senior Official in the Reagan and Bush Sr. Administrations,2025-07-30,30-Jul-2025,"Haim Rivlin
Uri Blau",https://www.shomrim.news/hebrew/qatars-new-lobbyist-in-washington,Democracy & Society,Democracy & Society,,,Short-Term Investigative,,,,,,,,,,,No,
105,"רופאים בעזה אחרי השינוי במדיניות הסיוע: ""התושבים עדיין נאבקים למצוא מזון. המצב קטסטרופה""",Doctors in Gaza after the policy change: “Residents are still struggling to find food — the situation is a catastrophe”,2025-07-31,31-Jul-2025,Daniel Dolev,https://www.shomrim.news/hebrew/residents-are-still-struggling-to-find-food,"October 7 War
Human Rights & Democratic Values",October 7 War,Human Rights & Democratic Values,,Feature w. Investigative Elements,,,,,"Audio Recording, Translation",,,,,No,No,
106,"חשיפה: רק לפני חודש שכר משרד הכלכלה פירמה אמריקאית לטפל בהסכם המכס עם ארה""ב","Exposure: Just a month ago, the Ministry of Economy hired an American firm to handle the customs agreement with the USA",2025-08-04,4-Aug-2025,Uri Blau,https://www.shomrim.news/hebrew/trump-tariffs,"Economy, Finance, Inequality, Poverty","Economy, Finance, Inequality, Poverty",,,Short-Term Investigative,1,Media Amplification,,,,כלכליסט,Calcalist,,,No,No,
107,"""השאיפה היא להיוולד מחדש למרות שהלכו 9 שנים"": ביקור במרפאת גמילה מאופיואידים",“The aspiration is to be reborn despite nine lost years”: A visit to an opioid-rehabilitation clinic,2025-08-05,5-Aug-2025,Daniel Dolev,https://www.shomrim.news/hebrew/visiting-an-opioid-rehab-clinic,Health,Health,,,Follow up,,,,,,,,,,,No,
108,"הטבות על הנייר: ההבטחות לקרקעות למילואימניקים הן ""ישראבלוף""",Benefits on paper: The promises of land for reservists are “Isra-bluff”,2025-08-08,8-Aug-2025,Shuki Sadeh,https://www.shomrim.news/hebrew/paper-benefits,"October 7 War
Democracy & Society",October 7 War,Democracy & Society,,Short-Term Investigative,1,Media Amplification,,,,מאקו,Mako,,,No,No,
109,אמברגו הוועדים: איגודי עובדים בנמלי אירופה מנעו משלוחים של ציוד צבאי לישראל,Union embargo: Workers’ unions in European ports prevented shipments of military equipment to Israel,2025-08-08,8-Aug-2025,Milan Cerny,https://www.shomrim.news/hebrew/union-embargo-europe,October 7 War,October 7 War,,,Investigative,1,Media Amplification,"הייתה הכתבה הנקראת ביותר במגזין הסופ""ש של N12
ערוץ הכנסת ברוסית עשו פולו, וראיינו את מילאן",It was the most-read article in N12’s weekend magazine. The Knesset Channel’s Russian-language division followed up on it and interviewed Milan.,Translation,"N12, ערוץ הכנסת","N12, ערוץ הכנסת",,,No,No,
110,חשיפה: המהלך להכתרת מושל חדש לעזה ביום שאחרי המלחמה,Exposure: The move to appoint a new governor for Gaza the day after the war,2025-08-12,12-Aug-2025,Uri Blau,https://www.shomrim.news/hebrew/gaza-new-governor,October 7 War,October 7 War,,,Investigative,1,Media Amplification,,,Translation,"Ynet, ידיעות אחרונות","Ynet, Yedioth Ahronoth","Ynet ENG, Turkish Daily, Corriere della Sera (IT), La Repubblica (IT), The New Arab (UK), i24News, ערוץ 7, Al-Monitor, Annahar (Lebanon), Sky News Arabic, כאן (ערבית), Erem News, arabi21, BBC Arabic, Kurdistan24","Ynet ENG, Turkish Daily, Corriere della Sera (IT), La Repubblica (IT), The New Arab (UK), i24News, Channel 7 (Arutz Sheva), Al-Monitor, Annahar (Lebanon), Sky News Arabic, KAN Arabic, Erem News, arabi21, BBC Arabic, Kurdistan24",No,No,
111,חשיפה: ארגונים בעולם מתארגנים לקראת הליכים משפטיים נגד קרן הסיוע לעזה,Exposé: Organizations Around the World Are Preparing Legal Actions Against the Gaza Humanitarian Foundation,2025-08-14,14-Aug-2025,Milan Cerny,https://www.shomrim.news/hebrew/ghf-under-threat,October 7 War,October 7 War,,,Short-Term Investigative,,,,,Translation,,,,,No,No,
112,התפרצות החצבת: בקהילות החרדיות לא התחסנו כי לא היה איפה,Measles outbreak: Haredi communities did not vaccinate because there was nowhere to do so,2025-08-18,18-Aug-2025,Lir Spiriton,https://www.shomrim.news/hebrew/measles-outbreak,"Health
Marginalized Communities",Health,Marginalized Communities,,Short-Term Investigative,,,,,,,,,,,No,
113,"חשיפה: האו""ם פרסם מכרז דחוף לאספקת עשרות אלפי קרוואנים לעזה",Exposure: The UN issued an urgent tender to supply tens of thousands of caravans to Gaza,2025-08-20,20-Aug-2025,"Uri Blau, Milan Cerny",https://www.shomrim.news/hebrew/undp-gaza-tender-,October 7 War,October 7 War,,,Short-Term Investigative,,,,,Translation,,,,,No,No,
114,"""יש שמועה שיש מל""ל"": כך הפך המטה לביטחון לאומי לנוכח-נפקד שאף אחד לא סופר",“There’s a rumor there’s a National Security Council”: How the NSC became a present-absent entity nobody counts,2025-08-21,21-Aug-2025,Shuki Sadeh,https://www.shomrim.news/hebrew/national-security-council-weakness,Democratic Institutions and the Rule of Law,Democratic Institutions and the Rule of Law,,,Feature,1,Media Amplification,,,"Translation, Audio Recording",N12,N12,,,No,No,
115,תעלומה של מאות מיליונים: מי הקפיא את חשבונות הבנק של לאה דנקנר?,Mystery of hundreds of millions: Who froze Lea Dankner’s bank accounts?,2025-08-24,24-Aug-2025,Uri Blau,https://www.shomrim.news/hebrew/mystery-worth-millions,Democracy & Society,Democracy & Society,,,Follow up,"1, 2","Media Amplification, Stakeholder Reaction",,,,כלכליסט,Calcalist,,,No,No,
116,"אקסטות במסיבות של בני 14, שורות בטיול השנתי","Ecstasy at 14-year-olds’ parties, lines on the annual school trip",2025-08-24,24-Aug-2025,Daniel Dolev,https://www.shomrim.news/hebrew/drugs-high-schools,"Health
Education",Health,Education,,Investigative,1,Media Amplification,התפרסם במוסף 7 ימים של ידיעות אחרונות,"It was published in 7 Days, the weekend magazine of ""Yedioth Ahronoth""",Audio Recording,"ידיעות אחרונות, Ynet","Yedioth Ahronoth, Ynet",מתחת לראדר,Under the Radar,No,No,
117,עולם שלישי זה כאן: כך נראים קווי חשמל בישראל 2025,The Third World is here: What Israel’s 2025 power lines really look like,2025-08-26,26-Aug-2025,Fadi Amun,https://www.shomrim.news/heb-gallery/third-world-country,"Marginalized Communities
Economy, Finance, Inequality, Poverty",Marginalized Communities,"Economy, Finance, Inequality, Poverty",,Feature,,,,,,,,,,,No,
118,"שיימינג, נאצות ושחיקה: יותר מורים עוזבים, פחות מצטרפים, האיכות צונחת - וזה לא רק בגלל השכר","Shaming, curses, and burnout: More teachers are leaving, fewer are joining, quality declining — and it’s not just the salary",2025-08-28,28-Aug-2025,Shuki Sadeh,https://www.shomrim.news/hebrew/teachers-leaving,Education,Education,,,Short-Term Investigative,1,Media Amplification,,,,מאקו,Mako,,,No,No,
119,מה עובדת סוציאלית אמורה לעשות עם 100 תיקים?,What is a social worker supposed to do with 100 cases?,2025-09-02,2-Sep-2025,Shuki Sadeh,https://www.shomrim.news/hebrew/social-workers-crisis,"Democracy & Society
October 7 War
Welfare",Democracy & Society,October 7 War,Welfare,Explanatory,,,,,Translation,,,,,No,No,
120,"לא ""בעל מכה"" - רק ""מתחים בבית"": פסקי הדין המרתיחים של הדיינים החדשים",Not a “wife-beater” — just “tension at home”: The infuriating rulings of the new rabbinical judges,2025-09-04,4-Sep-2025,Haim Rivlin,https://www.shomrim.news/hebrew/the-rabbinical-courts,Human Rights & Democratic Values,Human Rights & Democratic Values,,,Investigative,1,Media Amplification,,,Audio Recording,N12,N12,,,No,No,
121,אודי כגן צודק: ישראל עומדת בפני גל פוסט טראומה חסר תקדים בהיקפו,Oded Kagan is right: Israel is facing an unprecedented wave of post-trauma,2025-09-05,5-Sep-2025,Haim Rivlin,https://www.shomrim.news/hebrew/ptsd-wave,"October 7 War, Health","October 7 War, Health",,,Short-Term Investigative,1,Media Amplification,,,Audio Recording,מאקו,Mako,,,No,No,
122,"מפעיל הסוכנים, הנינג'ות ומנהלת המתנ""ס: אלו הישראלים שחשודים בחטיפת ילדים בגרמניה","The agent operator, the ninjas, and the community-center director: The Israelis suspected of kidnapping children in Germany",2025-09-07,7-Sep-2025,"Daniel Dolev, Uri Blau",https://www.shomrim.news/hebrew/kidnapping-germany,Democracy & Society,Democracy & Society,,,Investigative,1,Media Amplification,,,,Der Spiegel (Germany),Der Spiegel (Germany),,,No,No,
123,ישראל מנסה למכור לעולם שבעזה אוכלים עכשיו פיצות ופוקצ'ות - וזה לא עובד,Israel tries to sell the world the idea that Gaza now has pizzas and focaccias — and it’s not working,2025-09-09,9-Sep-2025,Milan Cerny,https://www.shomrim.news/hebrew/influence-campaign-gaza,October 7 War,October 7 War,,,Short-Term Investigative,,,,,,,,,,,No,
124,"ההסברה במשבר? דירת השגריר באו""ם דני דנון התחדשה בריהוט ב-70 אלף דולרים","Public diplomacy in crisis? UN Ambassador Danny Danon’s apartment got new furniture for 70,000 dollars",2025-09-10,10-Sep-2025,Uri Blau,https://www.shomrim.news/hebrew/danon-apartment,Democracy & Society,Democracy & Society,,,Short-Term Investigative,,,,,,,,,,,No,
125,"מסלול ירוק לנפגעי פוסט טראומה? החולים עדיין מחכים, המחלה שלהם לא",A green path for PTSD victims? Patients are still waiting — their illness isn’t,2025-09-11,11-Sep-2025,Haim Rivlin,https://www.shomrim.news/hebrew/ptsd-with-no-green-light,"Health
October 7 War",Health,October 7 War,,Follow up,,,,,,,,,,,No,
126,"""המהפכה"" של מזרח ירושלים - שרק יהודים הרוויחו ממנה",“The ‘revolution’ of East Jerusalem — that only Jews benefited from”,2025-09-15,15-Sep-2025,Daniel Dolev,https://www.shomrim.news/hebrew/east-jerusalem-lands,"Marginalized Communities
Human Rights & Democratic Values",Marginalized Communities,Human Rights & Democratic Values,,Investigative,,,,,,,,,,,No,
127,חשיפה: המולטי-מיליונרית הגרמניה שנאשמת בחטיפה נפגשה עם שופט ישראלי,Exposure: The German multimillionaire accused of kidnapping met with an Israeli judge,2025-09-16,16-Sep-2025,"Daniel Dolev, Uri Blau",https://www.shomrim.news/hebrew/kidnapping-germany-follow,Democracy & Society,Democracy & Society,,,Follow up,,,,,,,,,,,No,
128,"""התחושה היא שהשרים פועלים נגדנו"": עדויות מתוך משרדי הממשלה הקורסים",“The feeling is that the ministers are acting against us”: Testimonies from collapsing government ministries,2025-09-18,18-Sep-2025,Haim Rivlin,https://www.shomrim.news/hebrew/public-service-collapse,Democratic Institutions and the Rule of Law,Democratic Institutions and the Rule of Law,,,Feature,,,,,"Translation, Audio Recording",,,,,No,No,
129,המילה שראשי גוש השינוי הכי חוששים ממנה לקראת הבחירות הבאות,The word the leaders of the Change Bloc fear most ahead of the next elections,2025-09-21,21-Sep-2025,Chen Shalita,https://www.shomrim.news/hebrew/the-unspoken-word,Democracy & Society,Democracy & Society,,,Feature,,,,,"Translation, Audio Recording",,,TimeOut,TimeOut,No,No,
130,"הפתרון של צה""ל למחסור במילואימניקים: שירות שבוע-שבוע בעלויות של מיליארדים - ""אין מה לעשות, זה שוק של חיילים""","The IDF’s solution to the reservist shortage: Week-on week-off service costing billions — “Nothing to do, it’s a soldiers’ market”",2025-09-25,25-Sep-2025,Shuki Sadeh,https://www.shomrim.news/hebrew/idf-employment-market-follow,October 7 War,October 7 War,,,Short-Term Investigative,,,,,,,,,,,No,
131,"סמים במסיבות, מאבקים מול המדינה ואימה יומיומית: שורדי הנובה לא מצליחים לחזור לחיים","Drugs at parties, battles with the state, and daily horror: Nova survivors can’t return to life",2025-09-25,25-Sep-2025,Yael Shani,https://www.shomrim.news/hebrew/nova-survivors-struggling,"October 7 War
Health",October 7 War,Health,,Feature,1,Media Amplification,,,Audio Recording,N12,N12,,,No,No,
132,נערכים למשט: בישראל רוצים להחרים את הספינות בלי לשלם הון,Preparing for the flotilla: Israel wants to seize the ships without paying a fortune,2025-09-26,26-Sep-2025,Uri Blau,https://www.shomrim.news/hebrew/mashat-gaza,October 7 War,October 7 War,,,Short-Term Investigative,,,,,Translation,,,,,No,No,
133,"השמנה, מחלות לב ונזקים מוחיים: לישראלים חסר יוד בתזונה ובמשרד הבריאות גוררים רגליים","Obesity, heart disease, and brain damage: Israelis lack iodine in their diet — and the Health Ministry drags its feet",2025-09-28,28-Sep-2025,Haim Rivlin,https://www.shomrim.news/hebrew/iodine-deficiency,Health,Health,,,Investigative,,,,,,,,,,,No,
134,"אוים, נעצר, נכלא ושוחרר בתנאי שלא יעסוק בעזה: כך יעשה לאיש שאבו מאזן סימן","Threatened, Arrested, Imprisoned, and Released on Condition He Not Work on Gaza: What Happens When Abbas Marks Someone",2025-09-29,29-Sep-2025,Uri Blau,https://www.shomrim.news/hebrew/samir-hulileh-follow,October 7 War,October 7 War,,,Short-Term Investigative,,,,,,,,,,,No,
135,שתי אחיות ל-30 מאושפזים - ומי שיכול משלם 700 שקל ללילה,Two nurses for 30 patients — and those who can pay 700 shekels a night,2025-10-05,5-Oct-2025,Shuki Sadeh,https://www.shomrim.news/hebrew/nurses-crisis,Health,Health,,,Investigative,,,,,Audio Recording,,,,,No,No,
136,"""חיסון החצבת הוא פשע נגד האנושות"": כך נראית התעמולה האנטי־חיסונית בציבור החרדי",“Measles vaccination is a crime against humanity”: This is what anti-vaccine propaganda looks like in the Haredi community,2025-10-05,5-Oct-2025,Lir Spiriton,https://www.shomrim.news/hebrew/measles-anti-vaccination,"Health
Marginalized Communities",Health,Marginalized Communities,,Short-Term Investigative,1,Media Amplification,,,,כלכליסט,Calcalist,,,No,No,
137,שלושה ימים אזוקה למיטה: כך מזניחים אסירות במצוקה נפשית,Three Days Chained to a Bed: How Female Inmates in Mental Distress Are Neglected,2025-10-05,5-Oct-2025,Roni Singer,https://www.shomrim.news/hebrew/neve-tirza-mental,"Marginalized Communities
Human Rights & Democratic Values",Marginalized Communities,Human Rights & Democratic Values,,Investigative,,,,,Translation,,,,,No,No,
138,"תרצו גם תמונה? צ'אט GPT, גרוק ובוטים אחרים חושפים דליפות מידע סודיות לכל מי שרק מבקש","Would you like a picture too? ChatGPT, Grok, and other bots expose confidential data leaks to anyone who asks",2025-10-16,16-Oct-2025,Milan Cerny,https://www.shomrim.news/hebrew/chatbots-and-data-leaks,October 7 War,October 7 War,,,Short-Term Investigative,,,,,,,,,,,No,
139,"אובדנות, תופעות לוואי חמורות והסתרת מידע: מה אנחנו יודעים על התרופות שאנחנו לוקחים?","Suicidality, severe side effects, and hidden information: What do we know about the medications we take?",2025-10-16,16-Oct-2025,Yael Shani,https://www.shomrim.news/hebrew/fine-print-secrets,Health,Health,,,Investigative,,,,,,,,,,,No,
140,הארגון הטורקי שפועל בעזה קשור לחמאס ופעילותו נאסרה בישראל כבר ב-2008,The Turkish organization operating in Gaza is linked to Hamas — its activities were banned in Israel as early as 2008,2025-10-20,20-Oct-2025,"Uri Blau, Milan Cerny",https://www.shomrim.news/hebrew/gaza-turkey-ihh,October 7 War,October 7 War,,,Short-Term Investigative,1,Media Amplification,,,,רדיו רקע (כאן),Reka Radio (KAN),,,No,No,
141,"בין משתתפי כנס כלכלי חשאי באוסטריה: שר האוצר הטורקי, בני משפחת המלוכה מבחריין ואבנר נתניהו","Among the participants in a secret economic conference in Austria: The Turkish finance minister, Bahraini royalty, and Avner Netanyahu",2025-10-21,21-Oct-2025,Uri Blau,https://www.shomrim.news/hebrew/avner-in-austria,Democracy & Society,Democracy & Society,,,Short-Term Investigative,1,Media Amplification,,,,,,Profil (AS),Profil (AS),No,No,
142,כך הוקרסה תוכנית הדגל לעצירת האלימות בחברה הערבית מאז מונה בן גביר לשר לביטחון לאומי,How the flagship program to stop violence in Arab society was dismantled since Ben Gvir became Minister of National Security,2025-10-23,23-Oct-2025,Shuki Sadeh,https://www.shomrim.news/hebrew/stop-the-violence-plan-collapse,"Marginalized Communities
Democratic Institutions and the Rule of Law",Marginalized Communities,Democratic Institutions and the Rule of Law,,Investigative,,,,,Translation,,,,,No,No,
143,"רופאים בלי רישיון, בניגוד לחוק: כך הפכו שירותי הבריאות במזרח ירושלים למכונת רווח על חשבון המטופלים","Doctors without a license, breaking the law: How health services in East Jerusalem became a profit machine at patients’ expense",2025-10-26,26-Oct-2025,Daniel Dolev,https://www.shomrim.news/hebrew/east-jerusalem-health-crisis,"Health
Marginalized Communities",Health,Marginalized Communities,,Investigative,1,Media Amplification,,,Translation,מאקו,Mako,,,No,No,
144,ביצים מזוהמות בחומר רעיל נמכרו ברשתות השיווק – והציבור הוזהר באיחור של 10 ימים,Toxic-contaminated eggs sold in supermarkets — public warned ten days late,2025-10-27,27-Oct-2025,Haim Rivlin,https://www.shomrim.news/hebrew/eggs-late-warning,Health,Health,,,Short-Term Investigative,1,Media Amplification,,,,גלצ,Galatz (Army Radio),,,No,No,
145,"להשכיח את השבעה באוקטובר, להאשים את קפלן: כך הימין מתכנן לנצח את הבחירות",To forget October 7 and blame Kaplan: How the right plans to win the elections,2025-10-30,30-Oct-2025,Chen Shalita,https://www.shomrim.news/hebrew/this-is-how-the-right-plans-to-win,Democracy & Society,Democracy & Society,,,Feature,,,,,"Translation, Audio Recording",,,,,No,No,
146,"משטרת דובאי, ספינות ביוון ובכירים בישראל: דליפה חסרת תקדים חושפת את פעילות מערך הסייבר של איראן","Dubai police, ships in Greece, and senior Israeli officials: An unprecedented leak exposes Iran’s cyber operations",2025-11-04,4-Nov-2025,Milan Cerny,https://www.shomrim.news/hebrew/iran-got-hacked,Democracy & Society,Democracy & Society,,,Investigative,1,Media Amplification,,,,כלכליסט,Calcalist,,,No,No,
147,"""תהיה קטסטרופה"": המשרד לביטחון לאומי לא העביר תקציב – והסיוע למכורים עלול להיפסק",“There will be a catastrophe”: The National Security Ministry didn’t transfer the budget — and aid for addicts may cease,2025-11-05,5-Nov-2025,Daniel Dolev,https://www.shomrim.news/hebrew/there-will-be-a-catastrophe,"Democratic Institutions and the Rule of Law
Marginalized Communities",Democratic Institutions and the Rule of Law,Marginalized Communities,,Short-Term Investigative,3,Real-World Change,18.11 התקיים דיון בועדת העבודה ורווחה על הכשל בהעברת התקציב לתוכנית,"Nov 18, The Labor and Welfare Committee held a discussion regarding the failure to transfer the budget for the program. 
Following publication of this article, a group of parliamentarians, led by MK Meirav Ben Ari (Yesh Atid), initiated a discussion on the matter at the Knesset Labor and Welfare Committee. All those present at the meeting, including committee chair MK Michal Woldiger (Religious Zionism), expressed their support for Yizhar’s work. The representative of the National Security Ministry, meanwhile, reiterated that the problem stemmed from the massive cut to the budget of the National Authority for Community Safety – from around 120 million shekels to just 33 million shekels. Nonetheless, after the discussion, the budget was found and the Knesset’s Finance Committee approved its transfer.",Translation,,,,,Yes,Yes,Legislative (Knesset)
148,"המהפכה המשפטית האמיתית: כך שינה יריב לוין את הדנ""א של מערכת המשפט לשנים קדימה",The real judicial revolution: How Yariv Levin changed the DNA of Israel’s legal system for years to come,2025-11-06,6-Nov-2025,Chen Shalita,https://www.shomrim.news/hebrew/levins-new-judges,Democratic Institutions and the Rule of Law,Democratic Institutions and the Rule of Law,,,Short-Term Investigative,1,Media Amplification,,,Audio Recording,המרקר,TheMarker,,,No,No,
149,"בלי אימונים – אבל עם אישורי כניסה לעסקנים: ""התפוררות מוחלטת"" במשמר הכנסת",No Training — But Entrance Permits for Political Operatives: “A Total Breakdown” in the Knesset Guard,2025-11-10,10-Nov-2025,Roni Singer,https://www.shomrim.news/hebrew/knesset-guard-dysfunction,Democratic Institutions and the Rule of Law,Democratic Institutions and the Rule of Law,,,Short-Term Investigative,,,,,,כלכליסט,Calcalist,,,No,No,
150,חשיפה: ארצות הברית מתכננת הקמת בסיס צבאי גדול על גבול הרצועה,Exposure: The United States plans to establish a large military base on the Gaza border,2025-11-11,11-Nov-2025,"Milan Cerny, Uri Blau",https://www.shomrim.news/hebrew/american-base-gaza-border,October 7 War,October 7 War,,,Short-Term Investigative,1,Media Amplification,,,,"Ynet, ידיעות אחרונות, בחדרי חרדים, מעריב, Yent ENG, כלכליסט, Bloomberg, The Times of Israel","Ynet, Yedioth Ahronoth, B’Hadrei Haredim, Maariv, Yent ENG, Calcalist, Bloomberg, The Times of Israel",The Japan Times,The Japan Times,No,No,
151,תקציבי הישיבות החרדיות חושפים: מי בלחץ מחוק הגיוס ואילו ישיבות ממש לא,Budgets of Haredi yeshivas reveal: Who is panicking over the draft law — and which yeshivas really aren’t,2025-11-13,13-Nov-2025,Lir Spiriton,https://www.shomrim.news/hebrew/budgets-of-haredi-yeshivahs,"Democracy & Society
Marginalized Communities",Democracy & Society,Marginalized Communities,,Short-Term Investigative,1,Media Amplification,,,Translation,מאקו,Mako,,,No,No,
152,נוחי ודני דנקנר מתכוונים לפנות לבית המשפט: חשש לניצול פיננסי של דודתינו בת ה-100 ששוהה במעון טיפולי,Nochi and Danny Dankner intend to go to court: Concern over financial exploitation of our 100-year-old aunt in a care facility,2025-11-16,16-Nov-2025,Uri Blau,https://www.shomrim.news/hebrew/dankner-ichilov-donation,Democracy & Society,Democracy & Society,,,"Short-Term Investigative
Follow-Up",1,Media Amplification,,,,כלכליסט,Calcalist,,,No,No,
153,"תחקיר בינלאומי: כך פועלת ""מכבסת הכספים"" - מבורסות הקריפטו לחשבונות חמאס, איראן וקרטלי הסמים","International investigation: How the “money laundromat” works — from crypto exchanges to Hamas, Iran, and drug-cartel accounts",2025-11-17,17-Nov-2025,Uri Blau,https://www.shomrim.news/hebrew/the-coin-laundry,"October 7 War
Economy, Finance, Inequality, Poverty",October 7 War,"Economy, Finance, Inequality, Poverty",,Investigative,1,Media Amplification,,,Translation,ICIJ,ICIJ,,,No,No,
154,הצרות החדשות של יישובי העוטף - להקות כלבים משוטטים מאיימות על התושבים,The new troubles of the Gaza-envelope communities: Packs of stray dogs threaten residents,2025-11-19,19-Nov-2025,Haim Rivlin,https://www.shomrim.news/hebrew/stray-dogs-western-negev,October 7 War,October 7 War,,,Short-Term Investigative,"1,3","Media Amplification, Stakeholder Reaction","בינואר 2026, פרסם משרד החקלאות וביטחון המזון מסלול סיוע ייעודי לרשויות מקומיות לשנים, בעלות של 15 מיליון שקלים, שנועד לאפשר שדרוג ביכולות הטיפול והקליטה של הכלביות העירוניות חלק הניסיון להתמודד עם תופעת הכלבים המשוטטים ומחלת הכלבת, שהתגברו מאוד מאז תחילת המלחמה.","In January 2026, the Ministry of Agriculture and Food Security published a dedicated assistance program for local authorities, with a budget of 15 million shekels. The program is intended to enable upgrades to the treatment and intake capacities of municipal dog shelters, as part of an effort to address the phenomenon of stray dogs and rabies, which have intensified significantly since the beginning of the war.",,Ynet,Ynet,,,No,No,
155,"לא רק ""מלחמת התקומה"": כך משתלט נתניהו על הנצחת שבעה באוקטובר ועיצוב הזיכרון הלאומי",Not Just the “War of Revival”: How Netanyahu Is Taking Control of the Commemoration of October 7 and Shaping the National Memory,2025-11-20,20-Nov-2025,Shuki Sadeh,https://www.shomrim.news/hebrew/october-seven-memory-battle,October 7 War,October 7 War,,,Short-Term Investigative,1,Media Amplification,,,"Translation, Audio Recording",N12,N12,,,No,No,
156,חשיפה: המעבדה המרכזית של משרד הבריאות הפסיקה לבצע בדיקות לזיהום במי השתיה,Exposure: The Health Ministry’s Central Laboratory Has Stopped Conducting Tests for Drinking Water Contamination,2025-11-23,23-Nov-2025,Haim Rivlin,https://www.shomrim.news/hebrew/central-lab-disabled,"Health, Environment & Transportation","Health, Environment & Transportation",,,Short-Term Investigative,,,,,,,,,,,No,
157,"הסמכויות יישארו גם אחרי המלחמה: צה""ל ושב""כ ימשיכו לחדור למצלמות פרטיות",The Authorities Will Remain After the War: The IDF and Shin Bet Will Continue Accessing Private Cameras,2025-11-23,23-Nov-2025,Uri Blau,https://www.shomrim.news/hebrew/security-cameras-monitored,"October 7 War
Democratic Institutions and the Rule of Law
Human Rights & Democratic Values",October 7 War,Democratic Institutions and the Rule of Law,Human Rights & Democratic Values,Short-Term Investigative,,,,,,,,,,,No,
158,המאבק על הסיוע ההומניטרי: ישראל חסמה תשעה ארגונים מעזה – ללא נימוק מפורט,The Battle Over Humanitarian Aid: Israel Blocked Nine Gaza-Based Organizations — Without Detailed Explanation,2025-11-26,26-Nov-2025,Uri Blau,https://www.shomrim.news/hebrew/chikli-and-aid-to-gaza,October 7 War,October 7 War,,,Short-Term Investigative,,,,,,,,,,,No,
159,מאות מיליוני שקלים בחודש: כך חמאס מחזיר לעצמו שליטה כלכלית ברצועה,Hundreds of Millions of Shekels a Month: How Hamas Is Regaining Economic Control of the Gaza Strip,2025-11-28,28-Nov-2025,"Milan Cerny, Uri Blau",https://www.shomrim.news/hebrew/hamas-in-control-of-gaza,October 7 War,October 7 War,,,Short-Term Investigative,1,Media Amplification,,,"Translation, Audio Recording",,,,,No,No,
160,"התוכנית של מאי גולן ובן גביר לחיסול תוכנית החומש לחברה הערבית: 677 מיליון יקוצצו מהחינוך, 200 מיליון מהתחבורה, 142 מיליון מהרווחה",Pillaging the Five-Year Plan: Ministers Seek to Divert Funding from Arab Society to the Police and Shin Bet,2025-12-03,3-Dec-2025,Haim Rivlin,https://www.shomrim.news/hebrew/may-golan-ben-gvir-plan,Marginalized Communities,Marginalized Communities,,,Short-Term Investigative,1,Media Amplification,,,Translation,,,,,No,No,
161,"הקואליציה נגד ""שלטון בג""ץ""? בן גביר עתר לבג״ץ 31 פעמים, ח""כים ביקשו מהשופטים לפסול חוקים ולהתערב בנושאי חוץ וביטחון","The Coalition vs. the “Supreme Court Regime”? Ben-Gvir Petitioned the High Court 31 Times, and MKs Asked the Justices to Strike Down Laws and Intervene in Foreign and Security Affairs",2025-12-05,5-Dec-2025,Chen Shalita,https://www.shomrim.news/hebrew/court-petitions-ranking,Democratic Institutions and the Rule of Law,Democratic Institutions and the Rule of Law,,,Feature,1,Media Amplification,,,,המרקר,TheMarker,,,No,No,
162,"מחוץ לקופסה: ראש המוסד המיועד הציע בעבודה אקדמית לחמש את מצרים, סעודיה וטורקיה בנשק גרעיני","Thinking Outside the Box: The Incoming Mossad Chief Proposed in an Academic Paper Arming Egypt, Saudi Arabia, and Turkey with Nuclear Weapons",2025-12-08,8-Dec-2025,Uri Blau,https://www.shomrim.news/hebrew/gofman-academic-ideas,"Democracy & Society
Democratic Institutions and the Rule of Law",Democracy & Society,Democratic Institutions and the Rule of Law,,Short-Term Investigative,1,Media Amplification,,,,Ynet,Ynet,,,No,No,
163,"הרחוב החרדי זועם, הפוליטיקאים מפמפמים לו את המסר: ""אתם ישראל השנייה""",Israel’s Ultra-Orthodox Street Is Fuming as Leaders Stoke a Victimhood Narrative,2025-12-09,9-Dec-2025,Lir Spiriton,https://www.shomrim.news/hebrew/haredi-campaign-has-begun,"Marginalized Communities
Democracy & Society",Marginalized Communities,Democracy & Society,,Feature,,,,,Translation,,,,,No,No,
164,אפקט ממדאני? חברות אמריקאיות לא הסכימו לפרסם קמפיינים של מדינת ישראל בטיימס סקוור,Most Advertisements Firms Didn’t Agree to Run Israeli Campaigns in Times Square,2025-12-11,11-Dec-2025,Uri Blau,https://www.shomrim.news/hebrew/israel-and-times-square,October 7 War,October 7 War,,,Short-Term Investigative,1,Media Amplification,,,Translation,כלכליסט,Calcalist,,,No,No,
165,"לאחר חשיפת שומרים: התקציב לסיוע למכורים לסמים הועבר - הפעילות בת""א תמשיך",Ministry of National Security Withheld Funding – and a Drug Harm Reduction Program Could Be Closed,2025-12-11,11-Dec-2025,Daniel Dolev,https://www.shomrim.news/hebrew/ishr-program-continues,"Democratic Institutions and the Rule of Law
Marginalized Communities",Democratic Institutions and the Rule of Law,Marginalized Communities,,Follow up to #128,3,Real-World Change,,"Following publication of this article, a group of parliamentarians, led by MK Meirav Ben Ari (Yesh Atid), initiated a discussion on the matter at the Knesset Labor and Welfare Committee. All those present at the meeting, including committee chair MK Michal Woldiger (Religious Zionism), expressed their support for Yizhar’s work. The representative of the National Security Ministry, meanwhile, reiterated that the problem stemmed from the massive cut to the budget of the National Authority for Community Safety – from around 120 million shekels to just 33 million shekels. Nonetheless, after the discussion, the budget was found and the Knesset’s Finance Committee approved its transfer.",Translation,,,,,Yes,Yes,Legislative (Knesset)
166,"המדינה הפכה אותם למכורים - ועכשיו גומלת אותם בכפייה: ""נאלצתי לקנות פנטניל בטלגרם""",The State Turned Them Into Addicts — and Now Is Forcing Them Into Withdrawal: ‘I Was Forced to Buy Fentanyl on Telegram,2025-12-12,12-Dec-2025,Daniel Dolev,https://www.shomrim.news/hebrew/fentanyl-on-telegram,"Democracy & Society
Marginalized Communities
Health-Welfare",Democracy & Society,Marginalized Communities,Health-Welfare,Investigative,1,Media Amplification,,,,Ynet,Ynet,,,No,No,
167,המחטף של מאי גולן ובן גביר: 220 מיליון שקל יקוצצו מהחברה הערבית לטובת המשטרה והשב״כ,Pillaging the Five-Year Plan: Ministers Seek to Divert Funding from Arab Society to the Police and Shin Bet,2025-12-15,15-Dec-2025,Haim Rivlin,https://www.shomrim.news/hebrew/may-golan-ben-gvir-plan-follow,Marginalized Communities,Marginalized Communities,,,Follow up to #148,,,,,Translation,,,,,No,No,
168,בלי הפסקת אש: מתקפות הסייבר האיראניות הופכות לנשק אסטרטגי נגד ישראל,No Ceasefire: Iranian Cyberattacks Are Becoming a Strategic Weapon Against Israel,2025-12-16,16-Dec-2025,Milan Cerny,https://www.shomrim.news/hebrew/cyber-strategic-weapon,Democratic Institutions and the Rule of Law,Democratic Institutions and the Rule of Law,,,Investigative,,,,,,,,,,,No,
169,"הציונות החרדית? ""זה לא שהחרדים פתאום נהיו ציוניים, הם שם בגלל הכסף והג'ובים""",Have the Haredim Embraced Zionism? “They Haven’t Suddenly Become Zionists - They’re Here for the Money and the Jobs”,2025-12-17,17-Dec-2025,Shuki Sadeh,https://www.shomrim.news/hebrew/haredi-and-zionists,"Democracy & Society
Marginalized Communities",Democracy & Society,Marginalized Communities,,Feature,,,,,Translation,,,,,No,No,
170,"""אני רוצה למחוק את הנובה מהחיים שלי"": ההקלטות האחרונות של שיראל גולן",I Want to Erase the Nova from My Life”: The Final Recordings of Shiral Golan,2025-12-19,19-Dec-2025,Yael Shani,https://www.shomrim.news/hebrew/shirel-golan-last-recordings,October 7 War,October 7 War,,,Investigative,1,Media Amplification,,"It was published in 7 Days, the weekly magazine",,ידיעות אחרונות,Yedioth Ahronoth,,,No,No,
171,"מאות אלפי שקלים בחודש: המדינה רוצה להחרים את 48 ספינות המשט שנתפסו, אבל בינתיים משלמת ביוקר","Hundreds of thousands of shekels a month: The state wants to confiscate the 48 seized flotilla vessels, but in the meantime is paying a heavy price",2025-12-21,21-Dec-2025,Uri Blau,https://www.shomrim.news/hebrew/sumud-ships,October 7 War,October 7 War,,,Short-term Investigative,1,Media Amplification,,,,כלכליסט,Calcalist,,,No,No,
172,"האודישנים, הקידומים, הלחצים: כך הפך בן גביר את המינויים במשטרה לכלי פוליטי","Auditions, promotions, pressure: How Ben Gvir turned police appointments into a political tool",2025-12-24,24-Dec-2025,Chen Shalita,https://www.shomrim.news/hebrew/ben-gvir-police,Democratic Institutions and the Rule of Law,Democratic Institutions and the Rule of Law,,,Feature,,,,,,,,,,,No,
173,"ההנהגה החרדית רומזת לראשי ישיבות הנושרים: אתם תדרשו למלא את מכסות הגיוס לצה""ל",Haredi Leadership to Dropout Yeshivas: You Must Meet the IDF Quota,2025-12-27,27-Dec-2025,Lir Spiriton,https://www.shomrim.news/hebrew/drop-out-yeshivas,"Marginalized Communities
Democratic Institutions and the Rule of Law",Marginalized Communities,Democratic Institutions and the Rule of Law,,Follow up,,,,,Translation,,,,,No,No,
174,"""אם תחזרו נהרוג אתכם"": אלימות המתנחלים חוצה גם לשטחים שבשליטה פלסטינית",“If You Come Back - We’ll Kill You”: Settler Violence Crosses Over Into Palestinian-Controlled Parts of the West Bank,2025-12-29,29-Dec-2025,Daniel Dolev,https://www.shomrim.news/hebrew/settler-violence,"Marginalized Communities
Human Rights & Democratic Values",Marginalized Communities,Human Rights & Democratic Values,,Investigative,,,,,Translation,,,,,No,No,
175,"מסחרת המגרשים של בעלי הנחלות: 100 אלף שקלים ""להמלצה"" על חצי דונם לבנייה","The plot trading of landholding owners: 100,000 shekels for a ‘recommendation’ on half a dunam of building land",2025-12-31,31-Dec-2025,Shuki Sadeh,https://www.shomrim.news/hebrew/landowners-recommendation-price,"Economy, Finance, Inequality, Poverty","Economy, Finance, Inequality, Poverty",,,Investigative,2,Stakeholder Reaction,,"Following an inquiry by Shomrim, the Registrar of Cooperative Societies contacted members of Moshav Kfar Maimon to seek clarification regarding the materials published in the article.",,,,,,No,No,